Region,Province,District,Municipality City,Provider Name,Address,Type of Provider,Classification of Provider,Industry Sector of Qualification,TVET Program Registration Status,Qualification Program Title,Cluster,CTPR,Delivery Mode,Learning Delivery,Flexible Learning,ULI,Last Name,First Name,Middle Name,Extension Name,Contact Number,E mail Address,Street No and Street address,barangay,address city current,District,Province,Sex,Date of Birth,Age,Civil Status,Highest Grade Completed,nationality,Training Status,Type of Scholarships,Voucher Number,Date Started,Date Finished,System Name
National Capital Region (NCR),Metro Manila,Taguig-Pateros,Taguig City,SAMPLE TRAINING CENTER - METRO MANILA,"Demo Training Complex, Taguig City",Private,TVI,"Transport, Logistics and Warehousing",WTR,Warehousing Services NC II,Full Qualification,DEMO-CTPR-WH-2026-001,Institution-Based Training (IBT),Face-to-Face,Not Applicable,DEMO-ULI-0001,DEMO001,SAMPLE LEARNER,TEST,NULL,0900-000-0001,learner001@example.com,Demo Street 01,Demo Barangay 2,Makati City,Demo District 2,Metro Manila,Female,1991-01-02,35,Single,Senior High School Graduate,Filipino,Completed,TWSP,DEMO-VOUCHER-0001,2026-01-08,2026-02-28,MOCK_T2MIS
National Capital Region (NCR),Metro Manila,Taguig-Pateros,Taguig City,SAMPLE TRAINING CENTER - METRO MANILA,"Demo Training Complex, Taguig City",Private,TVI,"Transport, Logistics and Warehousing",WTR,Warehousing Services NC II,Full Qualification,DEMO-CTPR-WH-2026-001,Institution-Based Training (IBT),Face-to-Face,Not Applicable,DEMO-ULI-0002,DEMO002,SAMPLE LEARNER,TEST,NULL,0900-000-0002,learner002@example.com,Demo Street 02,Demo Barangay 3,Pasig City,Demo District 3,Metro Manila,Male,1992-02-03,34,Single,Senior High School Graduate,Filipino,Ongoing,TWSP,DEMO-VOUCHER-0002,2026-07-01,NULL,MOCK_T2MIS
National Capital Region (NCR),Metro Manila,Taguig-Pateros,Taguig City,SAMPLE TRAINING CENTER - METRO MANILA,"Demo Training Complex, Taguig City",Private,TVI,"Transport, Logistics and Warehousing",WTR,Warehousing Services NC II,Full Qualification,DEMO-CTPR-WH-2026-001,Institution-Based Training (IBT),Face-to-Face,Not Applicable,DEMO-ULI-0003,DEMO003,SAMPLE LEARNER,TEST,NULL,0900-000-0003,learner003@example.com,Demo Street 03,Demo Barangay 4,Quezon City,Demo District 1,Metro Manila,Female,1993-03-04,33,Single,Senior High School Graduate,Filipino,Completed,PESFA,DEMO-VOUCHER-0003,2026-03-02,2026-04-20,MOCK_T2MIS
National Capital Region (NCR),Metro Manila,Taguig-Pateros,Taguig City,SAMPLE TRAINING CENTER - METRO MANILA,"Demo Training Complex, Taguig City",Private,TVI,"Transport, Logistics and Warehousing",WTR,Warehousing Services NC II,Full Qualification,DEMO-CTPR-WH-2026-001,Institution-Based Training (IBT),Face-to-Face,Not Applicable,DEMO-ULI-0004,DEMO004,SAMPLE LEARNER,TEST,NULL,0900-000-0004,learner004@example.com,Demo Street 04,Demo Barangay 5,Taguig City,Demo District 2,Metro Manila,Male,1994-04-05,32,Single,Senior High School Graduate,Filipino,Completed,TWSP,DEMO-VOUCHER-0004,2026-02-03,2026-03-25,MOCK_T2MIS
National Capital Region (NCR),Metro Manila,Taguig-Pateros,Taguig City,SAMPLE TRAINING CENTER - METRO MANILA,"Demo Training Complex, Taguig City",Private,TVI,"Transport, Logistics and Warehousing",WTR,Warehousing Services NC II,Full Qualification,DEMO-CTPR-WH-2026-001,Institution-Based Training (IBT),Face-to-Face,Not Applicable,DEMO-ULI-0005,DEMO005,SAMPLE LEARNER,TEST,NULL,0900-000-0005,learner005@example.com,Demo Street 05,Demo Barangay 1,Makati City,Demo District 3,Metro Manila,Female,1995-05-06,31,Single,Senior High School Graduate,Filipino,Completed,Private,NULL,2026-04-06,2026-05-29,MOCK_T2MIS
Region III - Central Luzon,Bulacan,District V,Guiguinto,SAMPLE REGIONAL TRAINING CENTER - CENTRAL LUZON,"Demo Technical Compound, Guiguinto, Bulacan",Public,TTI (RTC),Electrical and Electronics,MCC-WTR,KNX Certified Devices Installation and Programming,Micro-Credential,DEMO-CTPR-KNX-2026-001,Institution-Based Training (IBT),Blended Learning,Online and Face-to-Face,DEMO-ULI-0006,DEMO006,SAMPLE LEARNER,TEST,NULL,0900-000-0006,learner006@example.com,Demo Street 06,Demo Barangay 2,Pasig City,Demo District 1,Bulacan,Male,1996-06-07,30,Single,Senior High School Graduate,Filipino,Completed,Private,NULL,2026-03-01,2026-03-25,MOCK_T2MIS
Region III - Central Luzon,Bulacan,District V,Guiguinto,SAMPLE REGIONAL TRAINING CENTER - CENTRAL LUZON,"Demo Technical Compound, Guiguinto, Bulacan",Public,TTI (RTC),Electrical and Electronics,MCC-WTR,KNX Certified Devices Installation and Programming,Micro-Credential,DEMO-CTPR-KNX-2026-001,Institution-Based Training (IBT),Blended Learning,Online and Face-to-Face,DEMO-ULI-0007,DEMO007,SAMPLE LEARNER,TEST,NULL,0900-000-0007,learner007@example.com,Demo Street 07,Demo Barangay 3,Quezon City,Demo District 2,Bulacan,Female,1997-07-08,29,Single,Senior High School Graduate,Filipino,Ongoing,Private,NULL,2026-07-10,NULL,MOCK_T2MIS
Region III - Central Luzon,Bulacan,District V,Guiguinto,SAMPLE REGIONAL TRAINING CENTER - CENTRAL LUZON,"Demo Technical Compound, Guiguinto, Bulacan",Public,TTI (RTC),Electrical and Electronics,MCC-WTR,KNX Certified Devices Installation and Programming,Micro-Credential,DEMO-CTPR-KNX-2026-001,Institution-Based Training (IBT),Blended Learning,Online and Face-to-Face,DEMO-ULI-0008,DEMO008,SAMPLE LEARNER,TEST,NULL,0900-000-0008,learner008@example.com,Demo Street 08,Demo Barangay 4,Taguig City,Demo District 3,Bulacan,Male,1998-08-09,28,Single,Senior High School Graduate,Filipino,Completed,TWSP,DEMO-VOUCHER-0008,2026-05-04,2026-05-28,MOCK_T2MIS
Region I - Ilocos,Pangasinan,District V,Urdaneta City,SAMPLE PROVINCIAL TRAINING CENTER - ILOCOS,"Demo Skills Center, Urdaneta City, Pangasinan",Public,TTI (PTC),Information and Communication Technology,MCC-WTR,Developing Design for Print Media Leading to Visual Graphics Design NC III,Micro-Credential,DEMO-CTPR-VGD-2026-001,Institution-Based Training (IBT),Face-to-Face,Not Applicable,DEMO-ULI-0009,DEMO009,SAMPLE LEARNER,TEST,NULL,0900-000-0009,learner009@example.com,Demo Street 09,Demo Barangay 5,Makati City,Demo District 1,Pangasinan,Female,1999-09-10,27,Single,Senior High School Graduate,Filipino,Completed,Private,NULL,2026-04-06,2026-04-10,MOCK_T2MIS
Region I - Ilocos,Pangasinan,District V,Urdaneta City,SAMPLE PROVINCIAL TRAINING CENTER - ILOCOS,"Demo Skills Center, Urdaneta City, Pangasinan",Public,TTI (PTC),Information and Communication Technology,MCC-WTR,Developing Design for Print Media Leading to Visual Graphics Design NC III,Micro-Credential,DEMO-CTPR-VGD-2026-001,Institution-Based Training (IBT),Face-to-Face,Not Applicable,DEMO-ULI-0010,DEMO010,SAMPLE LEARNER,TEST,NULL,0900-000-0010,learner010@example.com,Demo Street 10,Demo Barangay 1,Pasig City,Demo District 2,Pangasinan,Male,2000-10-11,26,Single,Senior High School Graduate,Filipino,Completed,Private,NULL,2026-05-11,2026-05-15,MOCK_T2MIS
Region I - Ilocos,Pangasinan,District V,Urdaneta City,SAMPLE PROVINCIAL TRAINING CENTER - ILOCOS,"Demo Skills Center, Urdaneta City, Pangasinan",Public,TTI (PTC),Information and Communication Technology,MCC-WTR,Developing Design for Print Media Leading to Visual Graphics Design NC III,Micro-Credential,DEMO-CTPR-VGD-2026-001,Institution-Based Training (IBT),Face-to-Face,Not Applicable,DEMO-ULI-0011,DEMO011,SAMPLE LEARNER,TEST,NULL,0900-000-0011,learner011@example.com,Demo Street 11,Demo Barangay 2,Quezon City,Demo District 3,Pangasinan,Female,2001-11-12,25,Single,Senior High School Graduate,Filipino,Ongoing,Private,NULL,2026-07-20,NULL,MOCK_T2MIS
Region I - Ilocos,Pangasinan,District V,Urdaneta City,SAMPLE PROVINCIAL TRAINING CENTER - ILOCOS,"Demo Skills Center, Urdaneta City, Pangasinan",Public,TTI (PTC),Information and Communication Technology,MCC-WTR,Developing Design for Print Media Leading to Visual Graphics Design NC III,Micro-Credential,DEMO-CTPR-VGD-2026-001,Institution-Based Training (IBT),Face-to-Face,Not Applicable,DEMO-ULI-0012,DEMO012,SAMPLE LEARNER,TEST,NULL,0900-000-0012,learner012@example.com,Demo Street 12,Demo Barangay 3,Taguig City,Demo District 1,Pangasinan,Male,1990-12-13,36,Single,Senior High School Graduate,Filipino,Withdrawn,Private,NULL,2026-06-08,2026-06-09,MOCK_T2MIS
